"","Accuracy","Precision","Recall","F1"
"NaiveBayes",0.85657104736491,0.910866910866911,0.84009009009009,0.874048037492677
"DecisionTree",0.870580386924616,0.88215859030837,0.902027027027027,0.891982182628062
"KNN",0.861907938625751,0.906810035842294,0.85472972972973,0.88
"SVM",0.895263509006004,0.920598388952819,0.900900900900901,0.910643141718839
